NodeID,alias,ip,continent,country,region,city,Lat,Lng
03b7d8b6bbaf02239277ed32378d50d29840292b61d516d30057b74044992c93dd,ALIBABA,173.212.218.204,North America,United States,New Jersey,Newark,40.735657,-74.1723667
0330c464cb2be97cd4ca5057b192a2be3c775a5f0356aced805769cb8790b879c0,Nick's LND Node,51.6.89.26,Europe,United Kingdom,England,London,51.5073509,-0.1277583
0267db6fbe76e1fbae50e27529a330837e9e1f4b9e4c7bbfefd7d6a1b3ffe2b245,OKEX,35.231.55.53,North America,United States,Michigan,Ann Arbor,42.2808256,-83.7430378
026b4f8931fcf87033d0f601ad7e4baa8e93ee74acf313292fd397fd6c27524162,lightning.nicolas-dorier.com,52.166.90.122,North America,United States,Delaware,Wilmington,34.2257255,-77.9447102
03efeea8961f376931a390ed9ae62be116abc1a8abaad6d1998efcc11d63e86526,enthusiast,70.29.131.217,North America,Canada,Alberta,Calgary,51.0486151,-114.0708459
0207197d1028b8a7edfee28f4e2dc47905333b2c4f9ed40bcd2c7481abe8fb049a,lightningpay.me,159.65.251.228,North America,United States,District Of Columbia,Washington,47.7510741,-120.7401385
0235447c7485ff2b945bac5fbc366d54a87389bab8cacf1b64b26ec01e96bd165a,TokenSoft.io,34.236.113.58,North America,United States,Texas,Houston,29.7604267,-95.3698028
0323e18348bb2afc29660da8ba06fb1e91fc37a5752301180b8f3afca7f5c49f01,oneclickbe-the-change,52.151.10.195,North America,United States,Delaware,Wilmington,34.2257255,-77.9447102
02c119d2fd2e98a88f50d0d2ee4213255b7b8ec2be3a95f9aabd6afb09dd25b083,???????SUPERBOLT???????,98.186.249.155,North America,United States,Virginia,Herndon,38.9695545,-77.3860976
03587e75c5928c0bdaae3b100f3edf7211bfd900d08a93f391e7d20fe062eeb37c,ANKARAGUCU,104.154.173.239,North America,United States,Pennsylvania,University Park,40.8147955,-77.8653126
0208b6ec8c4c77cabef8351f92327c13e0b7cc2e3724083669de305e2b395341fe,yubase,35.198.172.85,North America,United States,Michigan,Ann Arbor,42.2808256,-83.7430378
0226b317ebf63a888838c2900b0e77e45b3ad35c59bdbbd6a8eaba0c0362303cee,SAM,35.196.187.96,North America,United States,Michigan,Rochester,43.1565779,-77.6088465
033ac2f9f7ff643c235cc247c521663924aff73b26b38118a6c6821460afcde1b3,Red.de.Rayos,84.44.202.22,Europe,Austria,Bundesland Wien,Vienna,48.2081743,16.3738189
02b7060f74b7e04d3d8af97fab20381fcc16f7a33c7e526fa5c9b96afdb288d7d2,VegardLNDcraeful,62.16.141.195,Europe,Austria,Bundesland Steiermark,Enzersdorf,48.1969144,16.5533905
02a90ee457ad397e5e882780b1fa0d109c3b66479d38e7682f5ee75fe995800f8e,???ZSED5K2SRF2Y???,84.202.72.98,Europe,United Kingdom,England,Sheffield,53.381129,-1.470085
03cea3557a68bb4f2845808b937531e8666b16724e1d5f24215d9234efc5a57e7d,BLACK_EAGLE,35.200.198.155,North America,United States,Michigan,Ann Arbor,42.2808256,-83.7430378
0355cf9ce813a343313e1a4844f82c34810619943cb193cbfbead08da15d80fb98,firstsoldier,35.185.111.97,North America,United States,Michigan,Ann Arbor,42.2808256,-83.7430378
0392e78c508987c97de70b2474493e9b0dbbd0dcad69dec2648d686701da1df44a,Waldo.fun,51.15.84.98,Europe,United Kingdom,England,London,51.5073509,-0.1277583
0325fd957aeaead3635d7593b56c717090f95e7808290216b452e23fb2c0d77d11,mdogan,104.154.55.2,North America,United States,Pennsylvania,University Park,40.8147955,-77.8653126
02a0f1e7defe594d4f89e056ac45dbc3c2bdb29480270ed11c11040128a4ca6285,K2TOG,174.53.20.88,North America,United States,Florida,Riverview,27.8661364,-82.3264809
0388157a19ed80015b64bf9cd3cbc3c3c4492822341ab7813c7f9c0dbccc08fb26,CELLER_DOOR,173.212.197.45,North America,United States,New Jersey,Newark,40.735657,-74.1723667
035ec1f8ea7d376385dfa7c92bd9a0c43e1c88a4058179c3a80ac68abc27dd2389,SportsAccess,69.61.38.136,North America,Canada,Quebec,Longueuil,45.5369442,-73.5107131
023033a65a59d8960970ae8aad940dc574594237ad1276344e8c1d73fe5efe56bb,LightningBee,87.66.1.116,Europe,Germany,Bayern,Nuernberg,49.4521018,11.0766654
031c32d4083c916e41727ffdd66cee7ff03366663a0e5c64e0ab59737dcfdf17c8,CabbarBaba,35.193.174.65,North America,United States,Michigan,Ann Arbor,42.2808256,-83.7430378
03b72234539409e6390cf66322319cf2211f09880b015259bb66e69d47c507da05,FALCON9,35.225.226.42,North America,United States,Michigan,Ann Arbor,42.2808256,-83.7430378
020dcba6ad62784594a2276e79818315aea5b2d0a04f6439f946cea1a62698bf76,RUSSIA,35.204.219.75,North America,United States,Michigan,Ann Arbor,42.2808256,-83.7430378
02ef471860e3634fb55624b329c09a682aba187c7aada690bab3c5ad9051f2e9f5,BABALAR,198.199.82.222,North America,Canada,Quebec,Montreal,45.5016889,-73.567256
0298b13021a26017067a2fe89d675c7645a5fc7a67fdee7c70a6da4ff7a4630ad3,SLEEPYENTOURAGE-21-2104-gcabeef2,198.199.122.85,North America,Canada,Quebec,Montreal,45.5016889,-73.567256
025f85db77e1c1e0f8a203d0432d75cd96e9c33983756ae960b2926bcc9b561899,025f85db77e1c1e0f8a2,99.35.102.97,North America,United States,Texas,Richardson,32.9483,96.7299
035e34277deacff9da3dc685014c9fa59143b5c86244c7f72a88605e123647cdbd,BRIJ,67.170.232.244,North America,Canada,Ontario,Cambridge,52.205337,0.121817
039b2990bdc09b8176d101517bebab019ecd41b546d3e8fec8c19cd05bfdf9be7d,FastPay,35.231.106.249,North America,United States,Michigan,Ann Arbor,42.2808256,-83.7430378
02e7ac300471ac96db1ecc52f3f4e2bf26a3cd3cfb1e8ba68f2b6fadc4ab37440e,UNITEDMOON,69.15.179.61,North America,United States,South Carolina,Greenville,34.8526176,-82.3940104
03425da804d327461c21e4c1c04e43d0cef2f0ec5bd229264b2279d8d8e64476fb,BLOCKCHAINS,173.249.2.143,North America,United States,New Jersey,Harrington Park,-34.02769,150.73081
03e2c211128616d087a3a21181e9e9f012e3eaa8b326da1a53ed26a60bddbf5cc3,XXX,35.204.134.35,North America,United States,Michigan,Ann Arbor,42.2808256,-83.7430378
03b1be68b8f564fe53f5456cf4bec901ba968fb72ed7291279ab0c87e0d22f1f49,Plasma???Release,24.4.228.213,North America,United States,New York,Sunnyside,40.7432759,-73.9196324
03badf671ac3fa8f2a67c273e2a1df09ebcd24651afb7def0dd933d63c805e1ba1,Samaritans,107.155.186.99,North America,United States,Kansas,Park,51.151786,10.415039
0219b7b9750c94bd47d2300505fc1de2b71b5d97807334340d4bc3835b5ca639c1,rocinante,34.207.192.146,North America,United States,Texas,Houston,29.7604267,-95.3698028
037bbd966e0939be14083a4bc62b42fa0ad6c5b2fbb3064876f0265787c78a73f7,CELLAR_DOOR_1,173.212.223.113,North America,United States,New Jersey,Newark,40.735657,-74.1723667
027644f08d2282a1a113583fc736c86943ab964dcf0271602167ce427f75cb1710,CABBAR,35.229.19.134,North America,United States,Michigan,Ann Arbor,42.2808256,-83.7430378
02f40890af885da4673f0ee9725ee74bb2c66d6491cc4334056a2701057993e61d,tanjalo.com,144.76.220.229,North America,Canada,Quebec,Montreal,45.5016889,-73.567256
03ec4f6fefe6001f8ca2fbd078716a4eb32ba826a735f5ab8dc56fd4c8bbaf016b,PAYMENT,35.226.212.184,North America,United States,Michigan,Ann Arbor,42.2808256,-83.7430378
03d230e83b40d70a05cc6bb325143739d12d527432622d0e5376e7f9e8aa44c72a,LNTURKEY.net,35.195.10.85,North America,United States,Michigan,Ann Arbor,42.2808256,-83.7430378
0321344cc2a35796592dc363ba5b5d5bc00f653f0a4ab8f7bd07256649fc682de7,FORREST_GUMP,173.212.213.247,North America,United States,New Jersey,Newark,40.735657,-74.1723667
023e2b9bb357b1bf135d59551418178ef020cdd77efee7939cdd7c83f41256f7b1,01.coinmageddon.com,18.220.120.47,North America,United States,Massachusetts,Cambridge,52.205337,0.121817
02b8bf9a283df48ee3b71651157ef73d72ca54dcf223f72aff2d13d8c8eda484f2,THUNDERSTRUCK,159.65.69.149,North America,United States,District Of Columbia,Washington,47.7510741,-120.7401385
03b7ca940bc33b882dc1f1bee353a6cf205b1a7472d8ae24d45370a8f510c27d23,COINGAMING,18.195.40.124,North America,United States,Massachusetts,Cambridge,52.205337,0.121817
028bb0107014a8f749998ba53c9fff32b2d47f3e0ec2a5759859bfd637721f519e,LightningHODL,35.231.20.0,North America,United States,Michigan,Ann Arbor,42.2808256,-83.7430378
020e7172190f243d11731a3ca6b33dab6e8441b7c5c306fe29f2c3d2fce91713fb,lightning-roulette,104.199.15.193,North America,United States,California,Inglewood,33.9616801,-118.3531311
02b11440fc0a82e4489a124623a63e01936bd3dfd60f33ad6f0d7756e922bcdced,lightningramp.com,34.233.74.151,North America,United States,Texas,Houston,29.7604267,-95.3698028
02ac9c298789d2387d2534481dcc0e4f98fda7b235faac3965861b7be9d090ccc0,TESLA,35.231.7.69,North America,United States,Michigan,Ann Arbor,42.2808256,-83.7430378
030f5c893bc92e3f45955c2c82d9e933bcfb2c68677c0f62b478e5f7f602b549fb,ANATOLIA,174.138.0.169,North America,United States,California,San Jose,37.3382082,-121.8863286
0230d1a9462fae76bc20e9f5eff885a70f4152d9eca912418cbdbeae9a331a96f1,Neo,35.197.72.115,North America,United States,Michigan,Rochester,43.1565779,-77.6088465
029eda74de66b675354054af719ba9e8f3f8954f88e2a8bcd0be8d7d191e9a11c1,029eda74de66b6753540,173.71.149.66,North America,Canada,British Columbia,Burnaby,49.2488091,-122.9805104
02f161893d086b92c25b87791d5f0a00a517cad393c494aa3a5542d6a650d6ee8a,North_Nicosia_Cyprus,35.192.11.67,North America,United States,Michigan,Ann Arbor,42.2808256,-83.7430378
020331a1a81bd8ad2c2ffcd6730bee311c6f457ceca8e8cfcfef0117cebfac348a,sessiz,35.192.165.15,North America,United States,Michigan,Ann Arbor,42.2808256,-83.7430378
03354ff488363e38c498bb30041d2447e7e4e8c9bb738c765ff8215d1d94a94f08,URANUS,173.249.29.29,North America,United States,New Jersey,Harrington Park,-34.02769,150.73081
03d79fa302d7276885b6a5ea418ac9e7ccb6f12f93e0901983e6f3cac205b4298d,YENIMALATYASPOR,35.227.55.52,North America,United States,Michigan,Sault Sainte Marie,46.5136494,-84.3357526
0235295130523a20394d3eb2eedae07ea400ed043c4b0703ab5baa17599928cf9c,emrebskn,35.190.145.27,North America,United States,Michigan,Ann Arbor,42.2808256,-83.7430378
03ca5327a1994a44f98884b1a84018b8b3f7f8210d8994697dbcf59fdc2ae1bd9c,CHINA,35.231.18.175,North America,United States,Michigan,Ann Arbor,42.2808256,-83.7430378
03c5d75a98ae97355448f5d67af70552d22502081bbd0ea74e7ee973dac7e65e8f,efe-1,138.197.106.118,North America,United States,Arizona,Fort Huachuca,31.5552157,-110.3499216
024f8a8350dbc4a572f51618c9aec5458559d5fdf255b00740bb031c2d51ae25a7,OtsProofBot,51.15.84.98,Europe,United Kingdom,England,London,51.5073509,-0.1277583
02ee4469f2b686d5d02422917ac199602ce4c366a7bfaac1099e3ade377677064d,02ee4469f2b686d5d024,209.239.115.243,North America,United States,District Of Columbia,Washington,47.7510741,-120.7401385
020abce87fb0c6c000e6a1da3042bda538fcb20a10b3fa2824587f00e605711f5a,minnode,35.227.91.175,North America,United States,Michigan,Sault Sainte Marie,46.5136494,-84.3357526
03378bda17378f0a054c87bde20b24e73cff878556c9258e043d0fefc378a8c978,PEBBLE-BEACH,98.223.233.152,North America,United States,Virginia,Herndon,38.9695545,-77.3860976
03d4aa52d79c782d4d930c3567fa512ca10f02a028fa0ae4965f21a3a11940d809,WOLVERINE,35.227.40.13,North America,United States,Michigan,Sault Sainte Marie,46.5136494,-84.3357526
02ecb395c3090cb99429ce64b7bce41b68dfd6fbb2a337f0f556b6337460e546fd,Peace,35.193.201.11,North America,United States,Michigan,Ann Arbor,42.2808256,-83.7430378
03204b29fe80bbdb895b50f40fb81a78ccc53f2de8eca6bb234facffdbf783ec96,thunder.node,207.6.149.200,North America,United States,Colorado,Englewood,41.775305,-87.6416419
0361b6dfb36c8e1746e502a3e24e0c766713bb071a567d58e51733941abbd2b534,MasterCoin,35.190.153.189,North America,United States,Michigan,Ann Arbor,42.2808256,-83.7430378
03c45fe15c475d61c1d39b6e11b3bfbd913b98f3f21abea787e0d5cb889d35337d,Sirius,173.212.242.243,North America,United States,New Jersey,Newark,40.735657,-74.1723667
02d0f53a403a0b16efdec1983a082ab7645e35858f6a855871e489c9992748a059,bitcoinsupermarkt.de,85.214.234.164,Europe,Spain,Madrid,Madrid,40.4167754,-3.7037902
02829de2d8762ac70f6a243c7e210e1a41d7bc9fe909d09f120b7f0b0252c83858,ZaptremNode,74.71.22.170,North America,United States,Georgia,Atlanta,33.7489954,-84.3879824
02dd87628ae9be8db2151e958cfa2ea538c9e249966628b540d7dfe0b62eca1e1a,JAPAN,104.199.160.220,North America,United States,California,Inglewood,33.9616801,-118.3531311
029bb2e03a7c35dabace0857266d9a56d7f059e9d67e6239e6cb9141c3e2c048b4,magblu,35.185.2.227,North America,United States,Michigan,Ann Arbor,42.2808256,-83.7430378
031feee8045899c658eec2b6f2f6da6e4bdd7baabdc61bdc017761577342fbd011,matt.drollette.com,76.184.81.28,North America,United States,Virginia,Herndon,38.9695545,-77.3860976
02f2fccc11d34d7fce415a97ff9fd46867e5af780c9c71774627fb311815d45a81,Morpheus,146.148.87.177,North America,United States,California,San Ramon,37.7799273,-121.9780153
0317dbe0879b3c79c6c7c1843096a89c80762665b4d4548984f36402f007896b08,Shemelu,34.228.122.24,North America,United States,Texas,Houston,29.7604267,-95.3698028
0275f36cb168718dfdffd546adb6e3eaacc6276731b2440f9f538bc65efc43db3a,wantone,35.196.35.89,North America,United States,Michigan,Rochester,43.1565779,-77.6088465
038a0e10b0fa5c87f3d0436d02aab55a947c245d3ec58657a427594cf18f2b1130,HELIOS,173.212.204.227,North America,United States,New Jersey,Newark,40.735657,-74.1723667
0239027416c376a691c141c843bbf0c84156ddacfa684868abf4abb36a76007cbf,callmekurisu,34.215.177.226,North America,United States,Texas,Houston,29.7604267,-95.3698028
03eb3d69fdb7de4f7835b0ab58051294efbe038215367ea53f2048639fb19411ae,Done_Instantly,173.212.253.115,North America,United States,New Jersey,Newark,40.735657,-74.1723667
0268e02bdc0efba7c60a8d97ace8b2093f42c7c75f7c0fdb87f864ed9897b507d6,uzbit,45.16.231.252,North America,United States,Ohio,Columbus,39.9611755,-82.9987942
023aec96ebdceeeb86f39e83ded211a3e79aeabfdadf48bfc661ed4a43cd388cfe,MONERO_NODE,173.212.223.201,North America,United States,New Jersey,Newark,40.735657,-74.1723667
031a32a1a78f66a775008abb4b2e3b7a781b84676946f960f60cf5aa0fd5128d4c,APPLE,138.197.0.92,North America,United States,Arizona,Fort Huachuca,31.5552157,-110.3499216
03de64ce5647115baf92a7dada67c90f18f0e99a64330351c4bcdc595a32a4008d,fenerbahce,35.196.165.171,North America,United States,Michigan,Rochester,43.1565779,-77.6088465
023332db636a82eecb07830e5cd4cd153e7abbbb9a8fcda0eae71fce4af28ceb2e,???? MOONMEISTER ????????,85.214.196.202,Europe,Spain,Madrid,Madrid,40.4167754,-3.7037902
0373b793237a96e9c8532c8cf8bb8be5a42ad8f57b6fc24172e648d15ddd80fe08,gri,35.229.85.30,North America,United States,Michigan,Ann Arbor,42.2808256,-83.7430378
028ff87c9ad3f2889f69bed50048e15b2df9174aa248bb757f7a2726577e3a7031,marvin,85.216.199.3,Europe,Spain,Madrid,Madrid,40.4167754,-3.7037902
03724be979b55e0d2770d093fafacffabed8e5b36868c955e71cc42b2392765e05,BOOMBOOMBOOM,93.83.225.54,Europe,Germany,Bayern,Nuernberg,49.4521018,11.0766654
027c2c73a533c067e88cf625748e657aad32128bc29e32a2b1a13aaef4d3054426,LIGHTNODE,173.212.230.163,North America,United States,New Jersey,Newark,40.735657,-74.1723667
039376f846cb4e137f3474baa7fbe74ec627745c7d5c54935b99fbb1b60a62c9b3,HodlMonkey,159.65.162.130,North America,United States,District Of Columbia,Washington,47.7510741,-120.7401385
026fdb35e6c264ad8cbcb8b234bd8ef9245578d62e6aa84d29aebf7b14563f645f,Dodione,35.185.93.72,North America,United States,Michigan,Ann Arbor,42.2808256,-83.7430378
0243c10b3e59f846d3084a438f1959b97df003c3fabfbee411cf6459b70b06c961,Berkhk,35.227.50.192,North America,United States,Michigan,Sault Sainte Marie,46.5136494,-84.3357526
03e6716879c3bca5c8ed3f24d0da085442c2bf8beaf569347370ea853b8b0435db,SERHOTONIN,35.227.109.240,North America,United States,Michigan,Sault Sainte Marie,46.5136494,-84.3357526
03bdeef26954cc08ec6b3bec9685d8610b491121e227b60e7f7d7230b1e378e280,emice,35.231.10.135,North America,United States,Michigan,Ann Arbor,42.2808256,-83.7430378
03fab7f8655169ea77d9691d4bd359e97782cb6177a6f76383994ed9c262af97a5,????webworker.sh????,74.208.210.191,North America,United States,Texas,Houston,29.7604267,-95.3698028
0298f4c665268b4906ae486ef681510d7d4aab2facb6f6a620a8f6fd18f5b4fb0e,refractionx.com,46.10.241.53,Europe,Spain,Pontevedra,Vigo,42.2405989,-8.7207268
0313f9449cdb528dc9707c02da507cc9306eedc415091c07dc75dcdf621844a5ab,inabottle.io,69.15.179.58,North America,United States,South Carolina,Greenville,34.8526176,-82.3940104
0201d3fb63901ffaaa6ce535c9227fb3dc4646b6276096dd10c8a12e178ac9886f,ScamcoinBot,51.15.84.98,Europe,United Kingdom,England,London,51.5073509,-0.1277583
024508e432956be7bb07a5bd726f20ef18c9e7bfaff9abe7f5802d1a4910a86d35,ZUZAMARK,81.131.143.202,Europe,Spain,Guadalajara,Guadalajara,20.6596988,-103.3496092
02b3f3710aadfc62f17a3474d00fa67c465cfc2123bdf7035e1fa5aa9f528bc2b3,mertcaner,35.231.100.78,North America,United States,Michigan,Ann Arbor,42.2808256,-83.7430378
02ad68e300e0ff99fcb7fcfc7bcd62d4fd94061bdce708a1e8c9b429aab04e17bd,beearreye,173.243.64.48,North America,United States,Virginia,Ashburn,39.0437567,-77.4874416
02669e1e43577c14a4ae796a38e0cfdadb548615058e367bd96bf825e62c0932ce,mainnet.yalls.org,34.200.241.1,North America,United States,Texas,Houston,29.7604267,-95.3698028
0270cc009ce9a9a18e3aec6e931c3964366b61bee1b01c1667722e0033216276f0,AMAZON,173.212.236.205,North America,United States,New Jersey,Newark,40.735657,-74.1723667
03786068c44625b4a41a18bf73a63ab54e629f304f428220633903df41ab72d7b2,ln-burak,35.231.14.99,North America,United States,Michigan,Ann Arbor,42.2808256,-83.7430378
02587704695048661f32522b3ae25172601544435791611070b5f6176e8b457394,THE_MATRIX,35.204.202.183,North America,United States,Michigan,Ann Arbor,42.2808256,-83.7430378
02bdbee3f6e485cac9ced6bb7e0cda38891c7a447e02ccf346609ae949a8ea0e96,Stanford,76.114.127.193,North America,United States,Illinois,Chicago,41.8781136,-87.6297982
0327049d8d63f0c40193cdf3afc61817c8647808a4e482de0716fcef74e6d92ebf,FederalReserve,35.184.46.254,North America,United States,Michigan,Ann Arbor,42.2808256,-83.7430378
028ffea132e7e1d8e5191f7f4dfaa6b5c20509a6c668111b62c21670ce53139560,Bittrex,35.188.113.18,North America,United States,Michigan,Ann Arbor,42.2808256,-83.7430378
02f6725f9c1c40333b67faea92fd211c183050f28df32cac3f9d69685fe9665432,SLEEPYARK-6-11-21-2360-g044705a5,104.198.32.198,North America,United States,Texas,El Paso,31.7618778,-106.4850217
034d49f44ac3090d05b9c17127ef28d81fd8f931e8d8351141db746b842cd48b48,Hoverfly,52.166.255.170,North America,United States,Delaware,Wilmington,34.2257255,-77.9447102
02c7a364fec82a21a8fa2debf2cdd2c2beff3a602e8e918972ae57a68edb744c25,LiasLightning,173.249.2.11,North America,United States,New Jersey,Harrington Park,-34.02769,150.73081
0326ae91fb140ef73af4fcbd977456f12323d85d93231535779472ff31b8e27c95,ln.mallorn.de,149.154.159.76,North America,United States,New York,New York,40.7127753,-74.0059728
02a3a17effc394d27bc71b7f458cab02eeafef4eafd1e736583e40e66ebe98a3dd,TARDIS,108.80.63.17,North America,United States,Michigan,Lansing,42.732535,-84.5555347
036b929ab77202db1b1ecde3ae22df1a6125eaf88aa1596cffa32c15e003ac80f3,NODER,35.230.91.142,North America,United States,Michigan,Ann Arbor,42.2808256,-83.7430378
03b2ff042bcc564de35c2beb17e175ec1315011fee63070617fa7e11f55308d76f,BitStarz.com,35.204.246.146,North America,United States,Michigan,Ann Arbor,42.2808256,-83.7430378
037b7cd33aada9dd91ccb95857d8f71c34fd31c426057016f28f48b0633ae844cd,WEARETHEBEST,35.196.230.88,North America,United States,Michigan,Rochester,43.1565779,-77.6088465
0371074db3f9ea4cbcc83b69de0bfb7d38127747e6b0359d073fef34b10489027f,LAMBO,173.212.218.176,North America,United States,New Jersey,Newark,40.735657,-74.1723667
02e6e22a478150027e3b9bb3c67563efe1d7e49b466fe17a370ae71e2321ad92d7,LEVENTGUNAY.COM,35.196.150.54,North America,United States,Michigan,Rochester,43.1565779,-77.6088465
023337924c8c847b6b78982d0baa8efd3c48a65facb987fdd277a04c7c7791a4eb,LOUDANALYST,91.205.184.194,Europe,Germany,Bayern,Nuernberg,49.4521018,11.0766654
03db669c2f2a3d596c4b2110e6334a147e80019d37bb8c94707aa7751b8e9756d2,zardoz,185.103.96.143,Europe,United Kingdom,England,Nottingham,52.9547832,-1.1581086
0215766777b7d8f80c64d27126ec4b985e5ad1049e8ecfc0069a915bdddfa7b7f8,ANKARAGUCU1910,35.196.96.116,North America,United States,Michigan,Rochester,43.1565779,-77.6088465
02a5cf47ff5758f70248da0511125bbb907324dc4e1f52adf42f2bff726541db08,KIVIRCIK,35.227.120.149,North America,United States,Michigan,Sault Sainte Marie,46.5136494,-84.3357526
0357712cde38c9e82044ce5070473585e35dcb6069014a7e31a28968f5d839bab4,Yerevan,97.90.42.34,North America,United States,New Jersey,Bedminster,51.439717,-2.6008973
034a0f7b137b76b5f9a57a341cae92c9fcc20ae3a387e9968b14ba803517889648,imestav,35.231.64.162,North America,United States,Michigan,Ann Arbor,42.2808256,-83.7430378
02b65dbae39dc11c2577c318ebb82696651377be09187b1a9b0364a417a1d96815,IslandDSP,84.246.200.122,Europe,Germany,Hessen,Eschborn,50.1467469,8.5614555
0312c53f40de91c5a1a64126a0f205116d4ce397ebefdb58e7593ac48e47070dfd,Oziche,35.196.117.243,North America,United States,Michigan,Rochester,43.1565779,-77.6088465
036822d99a205ff8fd3f20124bf858c458fdd8165c2b6809a1591b9926735d4af4,INF-BTC,138.197.212.78,North America,United States,Arizona,Fort Huachuca,31.5552157,-110.3499216
024e561e292ad1859ece9bdf943a52df1ea98f73fd6976692a15f6bc81f18a458d,Mays,35.196.150.95,North America,United States,Michigan,Rochester,43.1565779,-77.6088465
038fded3699dc762ee028a897ca4707b81adba1f69ae579d2a632baa951c2c2842,Lightspeed,173.249.29.31,North America,United States,New Jersey,Harrington Park,-34.02769,150.73081
02c0ac82c33971de096d87ce5ed9b022c2de678f08002dc37fdb1b6886d12234b5,?????? STAMPERY.com ??????,13.80.67.162,North America,United States,Connecticut,Norwalk,41.117744,-73.4081575
03d04b48cb2f277055f765c330de3c3c84f4e7d72129624bdb9b272d1113f13f14,dx/dt,176.10.136.25,Europe,United Kingdom,Wales,Prestatyn,53.336512,-3.407613
03ec5aee39e7fb009c1a0eeec66a902083b18d27c96885d198004e4b9de36bb8a6,baron,35.196.25.212,North America,United States,Michigan,Rochester,43.1565779,-77.6088465
038fe44b4159e224ecbd92a8c63c24948a807d39c08e2d4aaacb77d27d38fd92ba,Zion,35.205.148.13,North America,United States,Michigan,Ann Arbor,42.2808256,-83.7430378
036377ed2d947b6cd8e99e8cabe79c9699527979b8056459158d75d15b66a6766a,MASTERNODE,35.231.99.216,North America,United States,Michigan,Ann Arbor,42.2808256,-83.7430378
03987c2e42501433973821060882d3c76f6d334cef64ca8853570593d9ab273cab,WayneTower,163.172.56.24,Asia,Japan,Tokyo-to,Tokyo,35.6894875,139.6917064
0301f33f9025d623df59eef0fe57813062447cd427cd4709ed974d12f268686db8,VforVendetta,173.249.29.36,North America,United States,New Jersey,Harrington Park,-34.02769,150.73081
035d78f9199f1fe3bc8fb77b3ccb987dfab0e86658408b41da1f6887bdb9706497,MuckelToschi3,62.102.148.158,Europe,Germany,Hessen,Frankfurt,50.1109221,8.6821267
0295d8b8d11a58f46d31041d74aa9c2d7a5342ce8bce6a47b0f72ff8ab1c189268,LEVENT,35.224.2.69,North America,United States,Michigan,Ann Arbor,42.2808256,-83.7430378
031c527494f295220d26a1814c18e7db3f4f03203ce1a53a0b74b52ed570a3972a,Plasma???Genesis,24.4.228.213,North America,United States,New York,Sunnyside,40.7432759,-73.9196324
0295d0110edb7df5c514acf69e3d50eff9d3ae6784c1c6e18ff37ff15ac21661db,ekos,35.231.55.115,North America,United States,Michigan,Ann Arbor,42.2808256,-83.7430378
02398e68818bd5db532a480c9b6bec9e743d33f72d8d639619565b0b1430d2056d,STRANGEMAESTRO,208.93.229.9,North America,United States,Virginia,Ashburn,39.0437567,-77.4874416
02fb74056358782bf2b555c80807fa29c9ddfbe5051cfadf2eb83871c155544391,SOMUCHNODEMANYWOW,85.214.73.34,Europe,Spain,Madrid,Madrid,40.4167754,-3.7037902
023668a30d0a27304695df3fb1af55a4fb75153eac34840817cae0e6a57894fd51,mainnet.yalls.org,34.205.225.56,North America,United States,Texas,Houston,29.7604267,-95.3698028
02c9064f847cdeeac3a26376bcab8c203e5e3baf077634e8bbc199f36ebe6a2837,02c9064f847cdeeac3a2,66.214.218.98,North America,United States,California,San Francisco,37.7749295,-122.4194155
02a4452b0854f164196b924eb36fbb764a35ba2aa32bb7d7885376581be3b971d4,????Jet_CasH????,35.227.23.207,North America,United States,Michigan,Sault Sainte Marie,46.5136494,-84.3357526
03310493a255fee32d97616d5845644fc286c48f85875e2c216a33f5dc910d7850,ogulcan,35.231.16.75,North America,United States,Michigan,Ann Arbor,42.2808256,-83.7430378
026c551b2add0d8f7461e81bd7ca76e721484f04702867944ed138012ee7d6022e,PAYPAL,35.227.63.211,North America,United States,Michigan,Sault Sainte Marie,46.5136494,-84.3357526
02b813dcf53442e2ba8ac0b7911dc31ab0b62fda5e55b30388efb6c39a8ee54d3c,BallLightning,76.93.137.43,North America,United States,Texas,Plano,33.0198431,-96.6988856
03490382e85a7096ad097c78cbaff2e4cf01e6397580e0e63184bfc7f5957fa46c,YCK,35.188.101.153,North America,United States,Michigan,Ann Arbor,42.2808256,-83.7430378
02ada0656847603d0b22dcee5158c3404eb40035457953407ef96a017cb45cfc91,BITMAIN,35.196.146.15,North America,United States,Michigan,Rochester,43.1565779,-77.6088465
02101f0049aaddceaee20b9f00e8118bc8771ea88a8f374720dd6116ee0df74969,m1xolyd1an,192.241.198.54,North America,United States,Pennsylvania,Blue Bell,50.955531,6.91865
03489edc0b300d4a07be5b61281ce0c94a9a943ab132156b096d4ced269e525550,EMANET,173.249.29.32,North America,United States,New Jersey,Harrington Park,-34.02769,150.73081
0228e4b5e00a05f400411a0b556fa0fd4d7609555dc687bebb9b70419aff15cc3e,thedeathnode,88.6.7.79,Europe,Germany,Nordrhein-westfalen,Harsewinkel,51.9642818,8.2333679
03617110be362e43a7445941970637d710eb46486d8a59dea76f7b611d524ec364,Trinity,35.231.47.52,North America,United States,Michigan,Ann Arbor,42.2808256,-83.7430378
0229378d2fa3424d5f63fca2646935f109c1a5118e06ea2fecd9fd429a8ccb72bb,Crypterium,173.249.2.42,North America,United States,New Jersey,Harrington Park,-34.02769,150.73081
0365de8f0dca4d712e09c1548c63bf3a141723404a0a0aec4d5ed60ec9d80dc75f,NODEPAD++,178.238.229.117,Europe,Spain,Girona,Das,51.3411631,12.3678662
03fe2eaf3045e2d5b8a5ae87bfada791fa9d2fcaf48feaeecd0ebca56377834c54,Windytr,35.226.83.244,North America,United States,Michigan,Ann Arbor,42.2808256,-83.7430378
020b44a70fb811b5320eb940da76afd44e62758909bcee40f425e734d8b17b2cc6,btc.lnetwork.tokyo,153.126.136.98,North America,United States,California,San Jose,37.3382082,-121.8863286
02ff5053660e8763befd147411544143a106b65058ffab432a21277d68b0a4a491,ZAP.COOL,209.126.96.119,North America,United States,Minnesota,Karlstad,59.4021806,13.5114978
0211ad124eaecaf2b223bad2f5381e81b3639f2a652b5aa7a0ceffc8593931fc30,ThrobbingSausage,47.184.129.94,North America,Canada,Ontario,Ottawa,45.4215296,-75.6971931
03c0b088716d3086edfd7038a61a520a4d469d830cfd05e4b24725293a307992de,KINGSNODE,35.227.58.46,North America,United States,Michigan,Sault Sainte Marie,46.5136494,-84.3357526
02f83bf4d88147cbdc60facd1240c821de3ae7e69a0c7cbafc8558948a40f4617c,store.edberg.eu,176.10.163.50,Europe,United Kingdom,Wales,Prestatyn,53.336512,-3.407613
0333da661b86064057d66be87c6e6f38ba05ac9b187dff68ea3584030c83e05ef7,ETHEREUM,35.227.81.65,North America,United States,Michigan,Sault Sainte Marie,46.5136494,-84.3357526
02a898533f6f16d7cd955d36e81ca6e97292030d70b3b0b8289d73e40dac5d0360,PAYMENT_LINE,35.196.51.50,North America,United States,Michigan,Rochester,43.1565779,-77.6088465
02aeb693e2dfb2f890c65dcf27e6eb7d52dd3e4f7b74ce5fe646675793625f9b51,VIOLENTROUTE-11-21-2212-gdace9bf,202.84.20.11,Asia,Japan,Tokyo-to,Tokyo,35.6894875,139.6917064
02e6b17c5a7a2461df38d0a571d92660f38ed5bbc847166ee655a1d0f83c1aa5ac,?????? Sweet Baby Hao ??????,99.43.41.3,North America,United States,Texas,Fort Worth,32.7554883,-97.3307658
027c9997352886897fbbf413cf5e8116c547034eab45c45eb905b3a1b11cca048c,BLACKHOLE,163.172.40.156,Asia,Japan,Tokyo-to,Tokyo,35.6894875,139.6917064
030a7edba83a52414807aaf46f1c6efc6ff87994b6328d503a785a56c753648c57,Adam Back's Vision ????,35.193.213.82,North America,United States,Michigan,Ann Arbor,42.2808256,-83.7430378
02b4eb8c0a494cb431e577acc82df8cd1c13455f1e1a0a6e70b4172aff500f782a,PTYcoin,35.193.247.140,North America,United States,Michigan,Ann Arbor,42.2808256,-83.7430378
02fd1730526a2d7ffc5124ca62b2be425b0649ffc35f257dd76aebe2314971faf1,LIGHTSPEED,173.249.29.33,North America,United States,New Jersey,Harrington Park,-34.02769,150.73081
027f3ee645c11ef3183cb6f929274baed13990e812d157866b4e41c2bf14e352de,Cinnober,34.240.200.0,North America,United States,Texas,Houston,29.7604267,-95.3698028
035c5140cc8efafa4fb97b0759de6b24249d716f565eb34dff6eb3ae14b4c5f961,Bitfast,35.231.20.210,North America,United States,Michigan,Ann Arbor,42.2808256,-83.7430378
039c5e9d35bc1fd983c45f338cbd53fb41c3ec85531f623eb05a6097cc04beeb00,aynenhocaaynen,35.229.111.93,North America,United States,Michigan,Ann Arbor,42.2808256,-83.7430378
0307964504055d2405e731906426d1b6831a2fe1c3f1877240d6537ab567a2c928,MysTerY,35.195.34.47,North America,United States,Michigan,Ann Arbor,42.2808256,-83.7430378
036d1712099f44a048463f38e823cff113e92256aed7ec8bc9d1981dd2d915a534,Coin_Trader,173.212.244.125,North America,United States,New Jersey,Newark,40.735657,-74.1723667
0203eb5c3ae8d060e5c16795a0d7ebccb98a0fb2d68a6d298e3efce28b803b6778,IOTA,173.212.192.254,North America,United States,New Jersey,Newark,40.735657,-74.1723667
0268cbff355499bf97387dec397614ab3bd0e3e4361475f624a83f250a5f5ed5b2, ???? 20-20.se ????,34.243.225.57,North America,United States,Texas,Houston,29.7604267,-95.3698028
028bbe4e7a85ccff3987deee238fd69732a8e9e621d7e594398062d8bec2a3c571,qasim [LND],69.181.66.7,North America,United States,California,San Jose,37.3382082,-121.8863286
031b5d456d95b76d2598fae0a7f270455bd8b374da4aa8764c32bc25cc6421b794,BINANCE,138.197.195.194,North America,United States,Arizona,Fort Huachuca,31.5552157,-110.3499216
02a32eaa2c27217651065a8cb7454616dd29b9f6eb9d2c0686403174b20d39aca5,???????CoNNeX???????,35.190.150.1,North America,United States,Michigan,Ann Arbor,42.2808256,-83.7430378
0350269d934f6797db5b072a0d6f7f5240c04c88a6b09e8debdaa443e86e440d86,MHMTDYMN,35.231.42.132,North America,United States,Michigan,Ann Arbor,42.2808256,-83.7430378
03f928c923c51c8e76ed09610b7cf909f9c492be469ed12fb18274321031cd68e6,COINIGY,159.65.230.103,North America,United States,District Of Columbia,Washington,47.7510741,-120.7401385
033abe908878ac00c1e916face972331b3a6e3ba4e587c95efec3c76e3ee339c82,033abe908878ac00c1e9,34.242.65.85,North America,United States,Texas,Houston,29.7604267,-95.3698028
024a2e265cd66066b78a788ae615acdc84b5b0dec9efac36d7ac87513015eaf6ed,Bitrefill,52.16.240.222,North America,United States,Delaware,Wilmington,34.2257255,-77.9447102
03f0e7eb3a5fe7d7d0d6586d948b614400bc63dc83a2c2b584bcd13ebf70886b70,MoonStar,35.231.36.187,North America,United States,Michigan,Ann Arbor,42.2808256,-83.7430378
03f896a8eebc79a569f4eb6b559694e0e02f912d73945d83850cc81ea837fbeec1,03f896a8eebc79a569f4,71.68.48.149,North America,United States,Massachusetts,Lowell,53.762225,-1.511026
02a33c67e06f1b383c3158e82dfe585fd3dc2c91a3dacd93baf8b1c79d496a7e17,FASTER,173.212.218.205,North America,United States,New Jersey,Newark,40.735657,-74.1723667
03fa0ef0845dbc299739e62c06e34aefda5b0a2e6ab3f6e4ca33f776ea12d7a3d5,YODA,173.212.248.237,North America,United States,New Jersey,Newark,40.735657,-74.1723667
02626c42851a22ba4c81c8e2f3c8dffd4634df777183c717da5d0597e238971e1f,ProGeek,13.95.209.140,North America,United States,Connecticut,Norwalk,41.117744,-73.4081575
02dd65974654061fd0008fdd6c7436af613aa116d29769ed5bbf4e7e41eb0604e0,????????????  Labs ????????????,34.201.12.83,North America,United States,Texas,Houston,29.7604267,-95.3698028
02c48f0271701548c8ce0058418f497c3ab50156dd03725db8321a5c1be2e97b21,clgy,35.230.9.238,North America,United States,Michigan,Ann Arbor,42.2808256,-83.7430378
028e50849ae7a20e012e8136ff0222a39b6a1dde08f6bf17164157d4b752987f79,incavolt,71.56.238.34,North America,United States,Texas,Richardson,32.9483,96.7299
034fd22c9002ed683c25168971445582f02b565b5badbac8d4b77255452b5c32ce,034fd22c9002ed683c25,71.68.48.149,North America,United States,Massachusetts,Lowell,53.762225,-1.511026
033ef1f95884a65b3ff292492a1abb8629d47caddb3613457abdc8ec45730a2ddc,bitfinex,104.198.157.226,North America,United States,Texas,El Paso,31.7618778,-106.4850217
030ab828b743f8fda9fc8f7aac3051de2aeadb306e4e046ed0778bb897ee770d1d,notpanera,68.184.197.15,North America,United States,Georgia,Hartwell,53.5716592,-0.0885697
03ab8f417832d699f866a440e0539288de29f0032dc8ab01f1e87b0be158434398,poloniex,35.231.34.82,North America,United States,Michigan,Ann Arbor,42.2808256,-83.7430378
02dd7d0da63930ffa8a9a217a64599a1d0db0e71bdb7246162620d0187be838e17,RACKFRONT,95.130.173.252,Europe,Germany,Bremen,Bremen,53.0792962,8.8016936
021eed4e271e2031a4d58ee2136c55c7079700a6e15664c04fd1a92fb060401795,ClassicCrust????,184.103.166.73,North America,United States,Massachusetts,Cambridge,52.205337,0.121817
02bbeb97b22ee205724feee21c6d0ac637629245327536e6402b302c69ae7ac874,NECROZMA,67.205.147.64,North America,United States,California,Westminster,51.4974948,-0.1356583
022100e3b9e14ddc513c6d2f4e5d2e381f96f58adcba8ab8d397292852c03b89b2,#HayabusaPOLAND#,77.252.195.119,Europe,Germany,Sachsen,Chemnitz,50.827845,12.9213697
02d48a07e5169cbf70d4e9409c6aaaff12929178c136e8cc8de449f341634ade7a,coinableS,192.241.228.21,North America,United States,Pennsylvania,Blue Bell,50.955531,6.91865
03f7e084886b0e23f1d9c6a0e0f3aad8b7dba787cd2a52aa315b9c3d816f59dc36,PAYBTC?????????,104.198.189.173,North America,United States,Texas,El Paso,31.7618778,-106.4850217
028314f021602092779aedd4ef39f3b5809f9b6046f8bc28359b16e659ab1dcd7c,john.zweng.at,80.108.14.34,Europe,Spain,Malaga,Ronda,36.746209,-5.1612251
027a5a4aa12d461029b8edff6d6d0ea7923a4f01b6293308c2c2d0ebc512f30c49,HTCCoin,173.249.4.118,North America,United States,New Jersey,Harrington Park,-34.02769,150.73081
0372abca953cec8bd156aaac28cddec0829b5674923c47803d76ccc3f647252afd,core25,35.231.114.181,North America,United States,Michigan,Ann Arbor,42.2808256,-83.7430378
03381d03415d45d91c342752ec48d6ae77b7bd676c217d9233e4acb3f207b966d0,rolltide,159.203.72.87,Europe,Germany,Bayern,Herzogenaurach,49.5682987,10.8828577
02a1daf26fadb6f3030873c84cecbb97572febe96eea767ccbb9f29f362f830ea9,LIGHTNINGMASTER,18.196.50.250,North America,United States,Massachusetts,Cambridge,52.205337,0.121817
02c8cde4c1e8019db5e8cba5af686d13a9a863aaf0d287156edc4829ee490e8d65,HPrivakos,35.226.204.59,North America,United States,Michigan,Ann Arbor,42.2808256,-83.7430378
033cfe09030dff97391e08cd08c77834efcb44b706bee7ac7d0866b02ed67f356a,NTRX ??? Node,173.249.25.217,North America,United States,New Jersey,Harrington Park,-34.02769,150.73081
02fb37ad9c674fcde7df9b7342f0f9e3b71a7658d0551d5b58a84fa088075aedcb,Eksisozluk,173.212.231.169,North America,United States,New Jersey,Newark,40.735657,-74.1723667
03f165f784d4f6d5953cfb6e7f4567cbfcf8eb915aae69113d22011ea8dedb1201,TWANLY,73.201.30.64,North America,United States,Illinois,Cicero,41.8455877,-87.7539448
036348762a7e7428991b7836666080fade13249fa06c377794fc5322e4af64bdc6,herpderp,7.7.7.118,North America,United States,Ohio,Columbus,39.9611755,-82.9987942
03199c83db17303a694d89dc5a4dc901488513f2625832a0c413bcd95c1e9dbc64,THAVMA,192.222.208.30,North America,United States,California,Palo Alto,37.4418834,-122.1430195
02ba6da2221ea2d2a86578654c18a7f1df5cedb689d7dbb6f6f92bc4c0588ac7b3,PupNode,173.249.4.154,North America,United States,New Jersey,Harrington Park,-34.02769,150.73081
025e6fdb6af937a959e70f83648542c63ba7dc478cecf21d27c0d531156ee135e2,Fast_Transfer,173.212.252.249,North America,United States,New Jersey,Newark,40.735657,-74.1723667
03dbd26bedb44490bfbf19c876f41c4561e3c650517a6c6ba77cb5e581b0b886b8,????????Cyprus????????,38.104.225.30,North America,United States,District Of Columbia,Washington,47.7510741,-120.7401385
02e1f8a072ef71f02657b582bf1a2bfd1cb4ea119d19c3ebf39476e2831a8359bc,emzy,163.172.171.119,Asia,Japan,Tokyo-to,Tokyo,35.6894875,139.6917064
0333b58f86a0c31da7ee61a4bc2232faccf8c4fe4167fe0dd9ce019fe03e82faac, ???? trimigo.se ????,52.215.249.189,North America,United States,Delaware,Wilmington,34.2257255,-77.9447102
02177273c1bc7450ebb9b0385bd7225dd0388bb75d8372aab3ccb6527d0b1b87a3,deksnode,67.205.189.48,North America,United States,California,Westminster,51.4974948,-0.1356583
038ea575f5e76a29aac9c2035b0c3b9cee8b19fde8c1b8a88318be59a6703cb66b,BEKIR??????????,35.224.168.229,North America,United States,Michigan,Ann Arbor,42.2808256,-83.7430378
031c745726ee260de2e498d1e88478517f7fa2c9b6548e76e94e81129aed4ead34,UniOfNicosia,82.116.203.241,Europe,United Kingdom,England,Langley,38.9464996,-77.1588685
03b0ae61e882c00adfc5dadb2005b517e034ae1b9a44f44962f37da3c723634d6b,coinarius,35.226.23.10,North America,United States,Michigan,Ann Arbor,42.2808256,-83.7430378
0261df8ef49d9a9c64a26d98d4c3f52baf12fb9e18652a2ba37fd9715364e03731,ANADOLUM,173.249.30.2,North America,United States,New Jersey,Harrington Park,-34.02769,150.73081
02218972b752f42602291810b1e9c0ed2df72abcc04c9b4defc5d4d444092d20d9,Master_OF_Lightning,173.212.229.93,North America,United States,New Jersey,Newark,40.735657,-74.1723667
032e000d7927b0d78f7ce4285b7c8e4db97300fb55f2833173d7c28289abbed5bf,BITCOINKOCU,35.196.255.178,North America,United States,Michigan,Rochester,43.1565779,-77.6088465
03e72d70b4e015bb3bee8a50deb32b6316a35d52b2333b5df66e36ed5e48ed102e,WAKUTA,129.97.243.18,North America,United States,California,Santa Clara,37.3541079,-121.9552356
030598361abbe97bfa3a4069b719a6fb9369f9cdbbb1c50d0357083f891a78e3b8,FRODO,173.212.195.179,North America,United States,New Jersey,Newark,40.735657,-74.1723667
02c1471aba8e064a2965e4119d1c1f657152cf7d584c9b7ff11345b8f35616b6c2,DonDiego,163.172.45.43,Asia,Japan,Tokyo-to,Tokyo,35.6894875,139.6917064
032e998806c4f8c1fce8af40a6e745d752aa76e5efc268c0181bbbbe9442068e4c,erolsutcu,35.231.107.24,North America,United States,Michigan,Ann Arbor,42.2808256,-83.7430378
02757ceb278bfc11c035c14b734af441c50101704f49763c3c3f01e9631d7946f7,???Electric???Boogie???,173.95.130.175,North America,United States,Utah,Pleasant Grove,40.3641184,-111.73854
02dbc4081c4cc5719507b0f209b00fbfbd8db66ee1f4bdace4b91cee024f0fdf32,mainnet.yalls.org,34.200.241.1,North America,United States,Texas,Houston,29.7604267,-95.3698028
025760c4ebd68d7d0f21722fff5f15e75996c02ba834ba884166bff0c8b35bcb43,yanyanLN,35.194.110.106,North America,United States,Michigan,Ann Arbor,42.2808256,-83.7430378
0354d8382003663d8d825954224f80dcbd740b5031c5a588277a20c75586d41053,graph.lndexplorer.com,35.173.106.208,North America,United States,Michigan,Ann Arbor,42.2808256,-83.7430378
02a4ae188a1026f511dc4d34a96134505d9aa35317eb3ca76c4c37201e4c0cd315,evgind,159.65.32.84,North America,United States,District Of Columbia,Washington,47.7510741,-120.7401385
02ee1050616916748f4a21e0a9bc658da1d68a35c8344c051f3949894ceb9d0cfc,POLONIEX,35.231.80.125,North America,United States,Michigan,Ann Arbor,42.2808256,-83.7430378
0264089bc3a4afde671b87740d72e03d899b7f0783fbb756786cb7632b2e1db510,ln.hkjn.me,163.172.162.18,Asia,Japan,Tokyo-to,Tokyo,35.6894875,139.6917064
039d48a05b4d18afafb49c76d985a77920f767db5f62e10a275cdcf55b5839f5c1,CoinOS,104.198.96.115,North America,United States,Texas,El Paso,31.7618778,-106.4850217
027c1755e7c8e82dfff623b2e7c5fd7f1b5e17d1fe8bf7719bc2858df00a284bee,#HayabusaPOLAND#,77.252.195.119,Europe,Germany,Sachsen,Chemnitz,50.827845,12.9213697
038a09e4bef5ccd22c94d6f07a878d496c6fd2c501349cb7be90ada06fcde5132c,KognitionsKyrkan,155.4.12.246,North America,United States,Michigan,Ann Arbor,42.2808256,-83.7430378
0230688d64199fd866f9df200c2d5de8b42f4dc6b5958f639363f2b0af344fe35f,yalcho77,35.227.108.222,North America,United States,Michigan,Sault Sainte Marie,46.5136494,-84.3357526
03c8c65e97f2db99f2823702ee1c5ba9234cb5ffe25bda1e1c667ff8f51a6139de,Coin_Center,178.238.238.136,Europe,Spain,Girona,Das,51.3411631,12.3678662
03c2d52cdcb5ddd40d62ba3c7197260b0f7b4dcc29ad64724c68426045919922f0,??? Kind84 ??? [lnd],82.52.136.136,Europe,United Kingdom,England,Berkshire,51.4669939,-1.1853677
021b4c978a4ea428adc8f9d5546736ed915d85ce763e82f6ef92385905a12ef22e,Braxton,35.231.80.40,North America,United States,Michigan,Ann Arbor,42.2808256,-83.7430378
036cf9fdd300e35edfa4ffd1368ad60a37b013b0025d122e398ed3ecd80dd0b9da,NAMASTE,173.212.234.193,North America,United States,New Jersey,Newark,40.735657,-74.1723667
0221cb517eef461adf1b0c86b0ea6f53d8168d10929b7d5de40516c021631cbc0b,UNIVERSAL_COIN_TRANSFER,173.212.234.219,North America,United States,New Jersey,Newark,40.735657,-74.1723667
03fea8e038e431ee8db56cc9453c749f42b3e128528e124b3f3b57fe2e5fe2a601,eBay,35.224.182.119,North America,United States,Michigan,Ann Arbor,42.2808256,-83.7430378
03e94370416f0e45ecbabe14f939ba99958fcc24aba6248cdc9adf0405a00f5292,TUBITAK,173.212.194.138,North America,United States,New Jersey,Newark,40.735657,-74.1723667
02be32b065e268f937b6e80172c7723e02fc0b521493140fc3c69a95ccf35d6e59,02be32b065e268f937b6,180.181.117.242,Asia,Japan,Tokyo-to,Tokyo,35.6894875,139.6917064
02dabaec135cf325f3276a8314ed1e8f56e9e7875b6b80da88ad61fbeb12c4539b,BLOCKFORCE,52.23.228.28,North America,United States,Delaware,Wilmington,34.2257255,-77.9447102
020c31a89ae6dbd19e80849b8daffbdc39f2b4f9c83cb811fb1a733db8a1dc9892,LIGHTNING_IN_A_BOTTLE,69.5.114.92,North America,United States,Wisconsin,Maribel,50.6715569,9.7642993
02496251fab34331986afdd9f1e1914ad15ca9728ce34958f4a7bdfd1bff9ddb34,THENEVERWOODS,159.65.43.118,North America,United States,District Of Columbia,Washington,47.7510741,-120.7401385
020600299b8f383a61781d19f917f355fc712e1e0e58dd4d3e3e1dd4b5ebb38f7a,BitMan,35.185.51.3,North America,United States,Michigan,Ann Arbor,42.2808256,-83.7430378
0231dd236296211bf0678fd94e29d630886ae19ad9726f6d55a8871c193cde4f57,WesternUnion,35.229.47.177,North America,United States,Michigan,Ann Arbor,42.2808256,-83.7430378
03ec7416594b73ed69d62c5817b12cafb29771db4cdd1275fef3a7ecf6330bcb49,forkliner.com,35.229.117.251,North America,United States,Michigan,Ann Arbor,42.2808256,-83.7430378
0319a6fac90f2a1ef5704d8128abaf10721685972b7850d1d5f17e958c501a2c3f,natarajdass,138.201.19.235,North America,Canada,Ontario,Toronto,43.653226,-79.3831843
0227a1da19468b59065b9b10763230a424671b7e3e79147a72d3c01939a43eefae,fulmine,178.238.236.180,Europe,Spain,Girona,Das,51.3411631,12.3678662
02cbd832b96a17693d79036595094884259c6f3dd70de0e150de41ae5586811f27,Bng68,35.202.53.175,North America,United States,Michigan,Ann Arbor,42.2808256,-83.7430378
03baf762be9f597d8986be99ba270c24a76fc60434415a64f8f15118417751d91f,ChEaP_tRaNsFeR,173.249.1.114,North America,United States,New Jersey,Harrington Park,-34.02769,150.73081
03b08ad01f5473717ee0251777b80cf7effa70b681ec0b1cd5c49317e8ffc52447,SCARFACE,173.212.208.37,North America,United States,New Jersey,Newark,40.735657,-74.1723667
0275e0c01dfb515d08e780edf36eb5bcecd452fa11710ddb1b921f3e76dc79bc90,L??on,35.231.12.134,North America,United States,Michigan,Ann Arbor,42.2808256,-83.7430378
0271d98f7dfe66198f045690f552a9126abb0aa1585f0061854e780b7e08e6dccd,Eternity Wall,163.172.139.73,Asia,Japan,Tokyo-to,Tokyo,35.6894875,139.6917064
021f87b5fcbbff2cbd839e3ac59c6a3bc620d1f0f638d85726f193cb1839019b90,skyhawk,96.49.88.110,North America,United States,Louisiana,Baton Rouge,30.4582829,-91.1403196
0280d7fa7869b74dcc8d34eccf3db1003b35a0af019700e9407106301e97a81c82,MYNAMEISJEFF,35.230.19.240,North America,United States,Michigan,Ann Arbor,42.2808256,-83.7430378
0374ecf61ed6c1208c42339f47decde2bc0c4393ac95f07827b3471e939d7eb961,???_SWIFT_BOLT_????,54.37.22.216,South America,Brazil,Sao Paulo,Sao Paulo,-23.5505199,-46.6333094
029efce538a7f6ba7873b1bd00e0028ca39a658b96af326d349fa45bfa34226073,029efce538a7f6ba7873,173.71.149.66,North America,Canada,British Columbia,Burnaby,49.2488091,-122.9805104
025edadc48c6d4cc6d46461b915a1e4523f371070abdc2deff789a321668ba9ea2,ORANGEBEAM,153.126.144.46,North America,United States,California,San Jose,37.3382082,-121.8863286
024a067d9e3c6fd673b3cb0d16a757dcbedd98c1e6b7fd2d4faa05484cadeb5727,LIBRAU_1,173.249.2.85,North America,United States,New Jersey,Harrington Park,-34.02769,150.73081
02bf6b396a501096d3695aa74a234a4f267e595db29838445d6a98a8a744a6853d,CENTRAL,35.224.162.144,North America,United States,Michigan,Ann Arbor,42.2808256,-83.7430378
02d4531a2f2e6e5a9033d37d548cff4834a3898e74c3abe1985b493c42ebbd707d,coinfinity.co ??????,35.195.234.115,North America,United States,Michigan,Ann Arbor,42.2808256,-83.7430378
03b9c2400bba2aae6c7f9e4963d97f4ad6f2d9245506c0bd7f9de4278bd718d74a,Sarpito,35.196.245.50,North America,United States,Michigan,Rochester,43.1565779,-77.6088465
039735b480735280f99ae96487f9a9eec5f6b93dff2818775e18823fa7ac2c3d45,xn--lha.network,35.196.31.161,North America,United States,Michigan,Rochester,43.1565779,-77.6088465
02d4174324b8ea91d547cdd17f31d30fba419122e5552252e8044614c275a60dc1,ICARUS,173.212.254.206,North America,United States,New Jersey,Newark,40.735657,-74.1723667
023ed6638dce33436778680236adc4b6b1dd8dec997ee0e9ace668a617991ee665,cykablyat,159.65.24.188,North America,United States,District Of Columbia,Washington,47.7510741,-120.7401385
02281753b48bd1dd52c65f6c837f235c8f84dce9bdbff196770515d48f8b8352b5,HOPPINGFIRE,46.101.207.221,Europe,Spain,Pontevedra,Vigo,42.2405989,-8.7207268
0367474894168bbbc28c5140ebe2b2c6d35f1554dc1fc9d8a698d246cc0107c05e,BT_LN_1,35.195.96.19,North America,United States,Michigan,Ann Arbor,42.2808256,-83.7430378
03e6185b11e21660a3ee02bcdb402042e4ade1757a3f69550bbdb262d9d075ec2b,CELLAR_DOOR_3,173.212.249.90,North America,United States,New Jersey,Newark,40.735657,-74.1723667
02ff592408eecc254e6bd9852cf290837dd2908215168460156a3a5d0a9a36bf3e,M_VLKV,35.231.90.58,North America,United States,Michigan,Ann Arbor,42.2808256,-83.7430378
03b90430f9841ffce5f6ec3c6a85a57077012ecf26a671a1369f05dfba946294b2,LightNET,35.229.42.116,North America,United States,Michigan,Ann Arbor,42.2808256,-83.7430378
0383f4400ff96d0e2fcc24e63322b5bcf7336e9eb4cb9afa8b667f1c337d187f43,COMMONNODE,35.185.66.246,North America,United States,Michigan,Ann Arbor,42.2808256,-83.7430378
02d6284ccb2ce82f79e938a82da23b9f2d2fb659c5147e8d58d146158c8cf48aa5,Nebuchadnezzar,35.198.94.65,North America,United States,Michigan,Ann Arbor,42.2808256,-83.7430378
02960a2204f5facb99df8e994ee95da54f87da0273df4c12fa3e9b408d95950170,BurakG,35.229.70.29,North America,United States,Michigan,Ann Arbor,42.2808256,-83.7430378
0290fb6ecd5865f7a973e1d48ffbc2612f80f6a2defbd6a188928bd0492bc2847e,????CTRLBREAK????,47.55.95.227,North America,Canada,Ontario,Ottawa,45.4215296,-75.6971931
02b58092be437eadbaee5d48d77e58a32e9e28873f5544e28ac058b56f8cd629ef,BINANCENODE,104.155.148.54,North America,United States,Pennsylvania,University Park,40.8147955,-77.8653126
02ef61a252f9504a42fc264a28476f44cea0711a44b2da0bd729ad52aaee9d86b7,ANGRYTRINITY,85.214.90.1,Europe,Spain,Madrid,Madrid,40.4167754,-3.7037902
0228ec8597923232cb26f2e92aa363181715033fb66c0e588f8a3c5152f99dd989,skyhammer,169.255.57.31,North America,United States,New York,New York,40.7127753,-74.0059728
03ba7a343029bd3d066c08d747182fb16d5f74c95282d309504d87dceda3e8bf49,Breese,35.190.148.212,North America,United States,Michigan,Ann Arbor,42.2808256,-83.7430378
03ac27acff678ce4a2f25756612d3a83e2cb4d7552db168d3bb15482b92c80215f,SKYRUS.NET,47.189.73.170,North America,Canada,Ontario,Ottawa,45.4215296,-75.6971931
0335979470961dfdeb9ebd08957314cc3f9f2a26c91f9ad36c813b7ab61cd43889,HYPERWANG,47.90.23.233,North America,Canada,Ontario,Ottawa,45.4215296,-75.6971931
0246d846cdfdc2e20aa90fdb945605fd2f8d3e8dd6821d246857cfc84f9ff7b5e8,Cheap_Transfer,173.212.253.52,North America,United States,New Jersey,Newark,40.735657,-74.1723667
035d5333c4feaab84071b20e1be0a46a072341a855acc69c928dd03e0b81449c02,FLASH,192.81.222.158,North America,United States,Missouri,Ballwin,38.5950532,-90.5462339
0336df94c9f861f6e36f48427e100a68c2aac2f3cc4c632c816e3d2e12b865c183,??????????DURAN??????????,35.196.133.139,North America,United States,Michigan,Rochester,43.1565779,-77.6088465
03a767feb1e0006e71b7e78a249e219da1665a1fedbadebd8aba046fbb371efe54,BHB.network,51.15.84.98,Europe,United Kingdom,England,London,51.5073509,-0.1277583
03b238a73093d976900ec4125096927ff3b220b361315384d73903c93e3758cb91,RisingSun,173.212.244.226,North America,United States,New Jersey,Newark,40.735657,-74.1723667
03efee4d946df2cef8a01d91cb010a03124c6575f7b9dfae888fa6fdfa8673ffb6,keaksit,35.185.87.54,North America,United States,Michigan,Ann Arbor,42.2808256,-83.7430378
028033083af6ba7d57ba9acf7f0b69666f4065eeefc5d241626a8ce3357961093c,leeroyjenkins,159.203.58.178,Europe,Germany,Bayern,Herzogenaurach,49.5682987,10.8828577
02644f5587cb30d3e9c3ac923f9e0ba5e2c2bebf0f580cdccb2a6f5ee5546ad549,02644f5587cb30d3e9c3,173.95.130.175,North America,United States,Utah,Pleasant Grove,40.3641184,-111.73854
024e37c9521a54e1095988ea459d39997dc5101c88f0b313cc29610a216733823d,CoinOSb,104.198.96.115,North America,United States,Texas,El Paso,31.7618778,-106.4850217
0250373555232cec757ea141273e75381c84cc3ab22f1e3a3ca5a2dc55b1904c24,HOPEFULPORTAL,92.110.144.95,Europe,United Kingdom,England,Cannock,52.6999408,-2.0218293
033d6fcb1210a1ecd48b7a632a5307d01643bf01526cf8fda9328befcb25e4cde8,033d6fcb1210a1ecd48b,66.65.75.253,North America,United States,California,San Jose,37.3382082,-121.8863286
02b40c66b2309ab65d793878d868ddfefeb287669279e7c84accd7dfa94fec1336,RISUS,173.212.204.142,North America,United States,New Jersey,Newark,40.735657,-74.1723667
03c7cad7e4ecfc741909b910d59b31b631e36afffc58e87389172c80702fddcbfa,Kripto,35.226.39.235,North America,United States,Michigan,Ann Arbor,42.2808256,-83.7430378
021f2cbffc4045ca2d70678ecf8ed75e488290874c9da38074f6d378248337062b,ThrobbingSausage,47.184.129.94,North America,Canada,Ontario,Ottawa,45.4215296,-75.6971931
02e4e676d8bc9964529f241b9955a3280aed6b4faf1d15acd398ae39bf6aeda159,Pasha17,35.204.110.229,North America,United States,Michigan,Ann Arbor,42.2808256,-83.7430378
0358838bbe40a022276ca9ce2116138049dde4a53dbe2c57077871f8cb93ed79a2,Uganda_Knuckles,170.52.97.68,North America,United States,Texas,Houston,29.7604267,-95.3698028
035362a07529a9789cfa9d7cc66b327b6fb12bb7fe99b31755e123def02f810a41,LITENODE,173.212.232.151,North America,United States,New Jersey,Newark,40.735657,-74.1723667
02df6f092487ff5fff2e03bad300485fdb7e780312ef85dac4ecdae9d087e9f3c1,VIOLETFEED--2071-g0a20bd44-dirty,35.169.210.217,North America,United States,Michigan,Ann Arbor,42.2808256,-83.7430378
027af81dae5a0a1e896ebd11d23f0ee6cd0f12379d60c1e663260c557d010bd6d0,ozupek.com.tr,35.226.214.230,North America,United States,Michigan,Ann Arbor,42.2808256,-83.7430378
02d08de5f8d548c5dd8e037eaac7446a480899b013fc7d23ea84843466aa50af12,URHANODE,159.203.186.153,Europe,Germany,Bayern,Herzogenaurach,49.5682987,10.8828577
0226be33e1c3cd07b31d58b3721bbb3e5275c39dace7567be4d79a98c01e7a6d5b,fsociety,81.4.120.158,Europe,United Kingdom,England,Billingham,54.612537,-1.290961
0347469dea682bd59255a5e60eaed8079186f85b5b5ea6dfd24565212e474b30c6,coinmd,35.185.103.57,North America,United States,Michigan,Ann Arbor,42.2808256,-83.7430378
021bf71418e2c6c7545b0a871c6567a0b8b685e6c53d835d32507fe930e1145e6c,exorensolightning,35.196.243.82,North America,United States,Michigan,Rochester,43.1565779,-77.6088465
0331ba4e0a33f5555e583bdc833ceea1fbebf4a4d57929a7b1f51c4fe5b465ae1a,duke,176.107.129.153,Europe,United Kingdom,England,London,51.5073509,-0.1277583
03f45d98c565b3ef38d7dcca452cbfdfffb89847a63a1684d7df69a7525bad6ea0,MiPrimeritoNodo0817,35.204.16.87,North America,United States,Michigan,Ann Arbor,42.2808256,-83.7430378
02049355ddbff2082890b26cc71edff6600174f9b6971dfdf560324d3577131d5c,EASY PAY,54.194.198.148,North America,United States,New Jersey,Woodbridge,52.095481,1.312571
02c6122718fcb2ed83078f3d2615807da33879d81f344b52265fbd1b3992941cff,Bytabit.com,155.4.191.115,North America,United States,Michigan,Ann Arbor,42.2808256,-83.7430378
0399c5f118569051612542e6ed72135746ed6bf5071d31098418095d7c448ee1a1,BRICS_LINE,173.249.1.249,North America,United States,New Jersey,Harrington Park,-34.02769,150.73081
02bf42feb6e4a9c4088d7711ef2761b3d53811352fb2b921004318ec3a726cd9b8,LIGHTSPEED,173.249.6.148,North America,United States,New Jersey,Harrington Park,-34.02769,150.73081
036e6884d116bdb6fa32b729a16aa42c24b44fc067ed435055fed327091e583990,?PwCItalyLab?,13.81.214.103,North America,United States,Connecticut,Norwalk,41.117744,-73.4081575
020d3d5995a973c878e3f6e5f59da54078304c537f981d7dcef73367ecbea0e90e,E-PARA.NET,173.249.28.20,North America,United States,New Jersey,Harrington Park,-34.02769,150.73081
03bb3a071060c20b10a7dd3b71ad72d188b1b8e434fb6316a12a98508941a92185,fiatkiller,46.101.85.227,Europe,Spain,Pontevedra,Vigo,42.2405989,-8.7207268
03570a257eb654dad95d5284c273532d21f700a7bcd24ca78cc65fcf7b354114a4,siriuslabs,207.148.30.94,North America,United States,California,Palo Alto,37.4418834,-122.1430195
0297c92eabb53231b9fb48100b9550227eb66c04b9e74f5b86431019bbcd062685,ORANGEMAESTRO,89.212.17.215,Europe,Germany,Hamburg,Hamburg,53.5510846,9.9936819
028c15843e7a71f637f896256217ec1129344c163747c63d46a43b4fc1e9755ec7,Kobra,35.226.75.161,North America,United States,Michigan,Ann Arbor,42.2808256,-83.7430378
02e40b82365cd2a3908a481b712ba09858a5dee4cac997351db6cbaa175129907b,distributed.love,67.205.191.68,North America,United States,California,Westminster,51.4974948,-0.1356583
0365304eb729c2ecc41a586b43b7d181d5419a67f95b78f725bbae5ec5363c1f1a,LowCostNode,35.231.2.94,North America,United States,Michigan,Ann Arbor,42.2808256,-83.7430378
03d503eb96fd1b96439c4ca8003eb08c56e84626ba4af57173f8cf9ccf26b611e4,Aerone,35.229.36.177,North America,United States,Michigan,Ann Arbor,42.2808256,-83.7430378
03fde1d50cbe9f577170bf746fa0c2451ab22ad4bb2a535eca73424a4b07e02d58,CryptoGrid,104.199.251.25,North America,United States,California,Inglewood,33.9616801,-118.3531311
03cb9bec8ac2d1f1e51422977139468e17cbc61109afc5c476897e9346bc5d3eac,6NJ8-V_lnd0.4-beta,50.109.202.239,North America,United States,Missouri,Saint Joseph,52.4781165,13.3738896
02977c3ba64fcf19dea952f11586badf2f76b3e5d0eac30279ddae4fecec87f88f,tan90,76.102.250.20,North America,United States,Florida,Fort Lauderdale,26.1224386,-80.1373174
0267f568ea4fefea5927fda773eee0059fc609ebfa2782d3c90f75d946e81de0eb,pseudozufall,18.217.248.244,North America,United States,Massachusetts,Cambridge,52.205337,0.121817
026743834aa882c2729b95d6f6b7ce822bcb4118ca1b60ee5e6f5104ef0ff94efb,uFGND,67.207.88.139,North America,United States,Missouri,Kansas City,39.0997265,-94.5785667
03402f3861b4d76f7c3ee0a1bc700adb35892fa96d0a5f0abc38e36c04c75423fa,ECHELON,35.193.185.22,North America,United States,Michigan,Ann Arbor,42.2808256,-83.7430378
02da0713ab1b12eeb01f212944a435077f39f1b767ee5c24b01cdb4b0b9377b66b,lpay,173.208.149.187,North America,United States,Virginia,Glen Allen,37.665978,-77.5063739
03a98b60b81e126f5f588d8c77cf621ac3cd57bc44570180ba56d0af6a7429f3c6,auriga,192.81.208.200,North America,United States,Missouri,Ballwin,38.5950532,-90.5462339
021986a666834a112353a1a2bbef04daf718c23a668e01b74df976cba29b99b541,021986a666834a112353,35.185.215.160,North America,United States,Michigan,Ann Arbor,42.2808256,-83.7430378
03447c9f9d17a6f082dcf4cf97e8949e3fe6fd704baa54560aef0d742593659d15,Cameron,104.131.56.241,North America,United States,California,Los Angeles,34.0522342,-118.2436849
0387ba847d67d8065dd39a5400735c0ea3a2e5a27acae337765844b35801d1d749,MIKLALIGHT,173.212.254.206,North America,United States,New Jersey,Newark,40.735657,-74.1723667
02cd727dc097bb6cf23bc53efda41ad0fac4548569d65aeeccf18823207068c64c,TRTRTR,35.192.110.130,North America,United States,Michigan,Ann Arbor,42.2808256,-83.7430378
03befb401546fb0c74373ffe3a146c6a0e3c971119330a0f9574e78d818d08a258,Bazid,35.230.148.131,North America,United States,Michigan,Ann Arbor,42.2808256,-83.7430378
0372d7ec4f62999fe23b25e0e6c76a57ac9b0ac3bd6c05d7eabd87149aa88985be,BTC.NETWORK,35.202.230.129,North America,United States,Michigan,Ann Arbor,42.2808256,-83.7430378
03ca035ea082d3ba5cba13890895a0818ee000a99d983ec6e65ebeb79fb6d986e3,Yo,155.4.193.242,North America,United States,Michigan,Ann Arbor,42.2808256,-83.7430378
03bb42f495d912ae6b57e42547e0b163b81b12099bb8941ba5fded746625293bed,PAY4ME,173.249.14.230,North America,United States,New Jersey,Harrington Park,-34.02769,150.73081
025c6a3c857dd4be8acac787efe3069b8f38aa86c7add7b48910f5c066fd2969b0,????monopoly????,52.232.3.131,North America,United States,Delaware,Wilmington,34.2257255,-77.9447102
0350a241aca91b8f6a694f1643a93b2f5022c226ae7025868ddaf9c87e5d4e4e09,PublicWelcome,216.197.65.246,North America,United States,Virginia,Herdon,38.9695545,-77.3860976
03f8109578aae1e5cfc497e466cf6ae6625497cd31886e87b2f4f54f3f0f46b539,LION,13.81.122.76,North America,United States,Connecticut,Norwalk,41.117744,-73.4081575
02bc2b3df76a976366aa3db2f3394d6360dd7a2a180ddb7a1ca1ce0fb39beb1b56,Rotorx,35.229.35.77,North America,United States,Michigan,Ann Arbor,42.2808256,-83.7430378
03d402a503704c143dec9103e06e1c70020305fcd9580635e13091d7a37943de32,???? DRAGONSDEN ????,146.148.85.43,North America,United States,California,San Ramon,37.7799273,-121.9780153
029cf833ceef83b31b2e202d46c99c2dc9b5fa56259d8b84d128ee37e65e4e96d3,parmax,213.186.121.86,Europe,Austria,Bundesland Steiermark,Graz,47.070714,15.439504
02844b6ce10197a478834444fa13ef594a4ff44636ddc89a8511f42202f861e2e7,02844b6ce10197a47883,207.246.113.225,North America,United States,California,Redwood City,37.4852152,-122.2363548
03f162e6d34121bd6d15c9a7da5e148e231bdedb56c0a077f7ff46b06924bff5f4,bitcoin.co,35.224.52.147,North America,United States,Michigan,Ann Arbor,42.2808256,-83.7430378
03591fc40afb9a1b1fa9a8ef04cffa1f3752c78b51684bb138780f77059297ceec,HopBaby,199.182.129.26,North America,United States,Massachusetts,Waltham,42.3764852,-71.2356113
0201c0130bff6c44f7467cfc4d1343741521489177c24fd9e6fb346a16026ee978,0201c0130bff6c44f746,34.214.118.34,North America,United States,Texas,Houston,29.7604267,-95.3698028
022851f02f75be8ce087a150a28805874f88bd785b84ca3f3be9e7036499d110d6,ExciteLabs,173.46.65.8,North America,United States,Kansas,Park,51.151786,10.415039
0260fb7d376815c1fcaffab104fd519ff1221fbf58257bf83142f9b498df2bf840,EUROPE????,35.202.244.141,North America,United States,Michigan,Ann Arbor,42.2808256,-83.7430378
03b7802e8ed9fed4cefed50d0074100368c1b2c46d9e8f1be55f55133495340c60,LENINGRAD,146.120.67.44,North America,United States,California,San Ramon,37.7799273,-121.9780153
0299f43fb7f40d15b5f0c2d815fb5b44cf35859abf6fd2f1d1ad24e031a4dd324b,Gewitterfront,85.214.212.104,Europe,Spain,Madrid,Madrid,40.4167754,-3.7037902
027e9923151c58a7dfed9c2cd521587dbd0f0928f548b7853dde7475c21ad3a786,ironroad,35.231.56.75,North America,United States,Michigan,Ann Arbor,42.2808256,-83.7430378
03a8f310c015f5a0b7518e6035896b77e524293a7010739c0c4a054f2c4886c1c9,emrebaskan,35.231.2.209,North America,United States,Michigan,Ann Arbor,42.2808256,-83.7430378
039cb332c1bb9e608f475c1634c7860015c8d5d2f5c0d79b62a61179e176bd1879,039cb332c1bb9e608f47,71.68.48.149,North America,United States,Massachusetts,Lowell,53.762225,-1.511026
02c04f0c872ba0176f912e46ace98d5ec9b9ef7e241cdf9d245c687fe5f1209935,DIGITALARCHIVIST4LYFE,66.249.70.8,North America,United States,California,Los Angeles,34.0522342,-118.2436849
0266564e26bd0a2f78b7692d0d9ffd1e0642251f4876100492e44cf1a688904e75,mainincubator,35.205.203.42,North America,United States,Michigan,Ann Arbor,42.2808256,-83.7430378
025194ee11df41cb6b4478aa76a94ccccca02742256342a454072a5d0bd1977460,StuBit,35.196.211.66,North America,United States,Michigan,Rochester,43.1565779,-77.6088465
03192dde3cb01ac7ce5823eead61a440500f9062ccc2ed282d0c2a47bed04655b3,FASTERSERVER,173.212.218.206,North America,United States,New Jersey,Newark,40.735657,-74.1723667
0317b2f4068fd2b226b03757f5290a4271e3c13b0f4c4353b5eda614d4f19e5c8c,SKYNET,35.204.29.15,North America,United States,Michigan,Ann Arbor,42.2808256,-83.7430378
02cd85b27d1c7648a87edd147b3b1d27927fd9fbc244d79f9c4bd6f6bce68b1505,02cd85b27d1c7648a87e,67.188.42.76,North America,United States,Virginia,Herndon,38.9695545,-77.3860976
0241f5216abc3c804261e7347dd4228c3b885d3dc29970083f2ddfe6d1607c3023,ZELCS.COM,80.232.240.66,Europe,Spain,Madrid,Madrid,40.4167754,-3.7037902
02ed03536fa441555a896ef236ee8f2083f80473834b1f02dfd4acde6b64b3711c,LOUDPHOTO,66.8.203.54,North America,United States,Arkansas,Little Rock,34.7464809,-92.2895948
03456c38eb93de16adf2555d5b3cf7030ce2537bac453db8b04020bb74ef845470,SPIDERMAN,173.249.3.2,North America,United States,New Jersey,Harrington Park,-34.02769,150.73081
022c715b377856f5e176c52dfbe1f19b0283c4a85d563b1f09a9c7d9b6820ec375,BX.in.th,52.198.143.134,North America,United States,Delaware,Wilmington,34.2257255,-77.9447102
03ed96394ddf5348a7f1556c4f305343cfcb8692c79a7146e7ba3024004166c230,STARPEOPLE,173.212.228.95,North America,United States,New Jersey,Newark,40.735657,-74.1723667
03a103651b2b310ab1a59860aa299df33e8388b94eea58c0e7e517c72caa9912bf,CryptoCurrencyNetwork,142.44.245.81,North America,Canada,Ontario,Toronto,43.653226,-79.3831843
028489604063b889ebd1cc47e7476d084978aa92ed6d5a3c824334b939ea0b9013,Trullo,51.15.84.98,Europe,United Kingdom,England,London,51.5073509,-0.1277583
03dee28e54a8ffe935f50a4fecd59c20982437edb033f890af7c3f9c1a97a4738d,Antoine,34.217.102.107,North America,United States,Texas,Houston,29.7604267,-95.3698028
036e5f6c4697e39c1aa75d65b1a6c9041f2724ec04d08c52ad210f4440a692a080,lightstorm.cc,35.196.79.82,North America,United States,Michigan,Rochester,43.1565779,-77.6088465
0355f121d9df9cc8f034d0ad61c6de0b4a42a13926f8d74355a05d2159b4bd7f37,THEBESTNODE,138.197.215.219,North America,United States,Arizona,Fort Huachuca,31.5552157,-110.3499216
033a1920ecb2ba73b28062cd84f826464ad64fb329f54c96939a78b1c83614d407,LEVONODE,35.202.199.215,North America,United States,Michigan,Ann Arbor,42.2808256,-83.7430378
03cd44680050e504d0a74ad416960a84aab22d59b8c5921575ffef4575997ae7cd,POOLIN.COM,47.97.216.111,North America,Canada,Ontario,Ottawa,45.4215296,-75.6971931
03dcd840ff15d19792e8a8d704bbbbafc629c22324f0d002d8f4cc87c8798f03ef,INAZUMA,133.18.56.130,Asia,Japan,Tokyo-to,Tokyo,35.6894875,139.6917064
036ae36a040de460e126b73767688c98cd4824dbd9aadd811d1375e9cc13d5ed92,TheChilly,77.173.197.173,Europe,United Kingdom,England,Berks,40.3451566,-75.9927652
02657f2396318748bcb8939a928333d8eface7ac3a28d25b74fab71c415ec3da53,lnwallet,176.107.129.124,Europe,United Kingdom,England,London,51.5073509,-0.1277583
021a5165a51e0216a16f3f33aa8fa368eeea69c5f27f4f647b3fd70d289929741a,fct-l1-node,35.231.13.128,North America,United States,Michigan,Ann Arbor,42.2808256,-83.7430378
